ID,Institucion,years,idp,lang,excel_lider,normalized_impact,normalized_impact_leadership,output,stp,lider,colab,q1,excel,ik,tech_impact,patents,open_access,not_own_journals_output,own_journals,AM,plumx,mendeley,overton,sdg,female_stp
1150,Pontificia Universidad Catolica de Chile,2014-2018,1150,all,713,1.34073,0.82,13160,8376,7249,7533,6999,2147,474,3.92,160,61.64133738601824,12634,20,5137.6,2011,12433,956,872,3093
1150,Pontificia Universidad Catolica de Chile,2015-2019,1150,all,745,1.33939,0.83263,13811,8598,7475,8009,7461,2233,445,3.52,161,62.051987546158855,13295,23,5534.9,2303,13076,973,1799,3203
1150,Pontificia Universidad Catolica de Chile,2016-2020,1150,all,788,1.34197,0.84129,14880,9581,7949,8702,8101,2375,395,2.9,147,63.15860215053763,14389,23,6095.7,2661,14110,974,2989,3460
1150,Pontificia Universidad Catolica de Chile,2017-2021,1150,all,800,1.30033,0.8487,15754,10145,8348,9197,8754,2436,335,2.33,146,64.87876094960009,15302,22,6653.6,3125,14887,918,4301,3709
1150,Pontificia Universidad Catolica de Chile,2018-2022,1150,all,814,1.27142,0.84524,16419,10591,8531,9604,9142,2465,250,1.67,150,65.77136244594676,16012,22,6939.2,3308,15412,784,5508,3911
1150,Pontificia Universidad Catolica de Chile,2019-2023,1150,all,801,1.20949,0.82179,16831,10828,8564,9923,9532,2399,176,1.15,115,65.58730913195889,16451,22,6927.8,3323,15339,606,5901,4090
1151,Pontificia Universidad Catolica de Valparaiso,2014-2018,1151,all,150,0.86757,0.69769,3421,1782,2006,1816,1215,326,92,2.94,17,56.357790119848,3310,6,1226.8,379,3205,131,223,637
1151,Pontificia Universidad Catolica de Valparaiso,2015-2019,1151,all,179,0.88839,0.73978,3783,1963,2194,2060,1417,376,91,2.62,17,57.7319587628866,3678,6,1419.5,500,3565,137,457,691
1151,Pontificia Universidad Catolica de Valparaiso,2016-2020,1151,all,213,0.92066,0.75441,4235,2132,2359,2316,1683,474,92,2.35,16,60.47225501770956,4126,6,1659.1,658,3995,155,753,771
1151,Pontificia Universidad Catolica de Valparaiso,2017-2021,1151,all,248,0.94436,0.78376,4596,2263,2441,2498,1982,571,77,1.81,17,63.51174934725849,4489,6,1881.0,831,4331,143,1080,833
1151,Pontificia Universidad Catolica de Valparaiso,2018-2022,1151,all,264,0.91941,0.78576,4910,2422,2536,2692,2183,607,65,1.43,15,66.21181262729124,4796,6,2034.4,946,4574,127,1397,913
1151,Pontificia Universidad Catolica de Valparaiso,2019-2023,1151,all,260,0.91052,0.76834,5052,2539,2535,2837,2367,616,42,0.9,13,67.79493269992082,4945,6,2084.4,1035,4533,93,1538,967
1152,Universidad Academia de Humanismo Cristiano,2014-2018,1152,all,3,0.50742,0.45655,126,93,93,35,23,4,0,0.0,0,73.80952380952382,126,0,46.4,20,108,13,14,39
1152,Universidad Academia de Humanismo Cristiano,2015-2019,1152,all,5,0.4998,0.48262,163,119,119,48,32,6,0,0.0,0,71.16564417177914,163,0,58.7,26,135,14,24,49
1152,Universidad Academia de Humanismo Cristiano,2016-2020,1152,all,6,0.50814,0.51093,196,141,137,53,51,9,0,0.0,0,68.87755102040816,196,0,76.6,37,169,12,47,61
1152,Universidad Academia de Humanismo Cristiano,2017-2021,1152,all,5,0.5055,0.472,230,148,153,59,66,11,0,0.0,0,73.91304347826087,230,0,93.0,48,198,7,73,63
1152,Universidad Academia de Humanismo Cristiano,2018-2022,1152,all,5,0.47298,0.42713,238,157,150,64,71,12,0,0.0,0,74.78991596638654,238,0,95.8,49,205,5,85,66
1152,Universidad Academia de Humanismo Cristiano,2019-2023,1152,all,4,0.47746,0.37079,220,148,135,59,69,12,0,0.0,0,74.54545454545455,220,0,80.5,40,175,3,84,61
1153,Universidad Adolfo Ibanez,2014-2018,1153,all,95,1.07469,0.8616,1288,519,759,691,582,202,35,3.44,8,50.54347826086957,1286,1,484.4,179,1197,115,83,148
1153,Universidad Adolfo Ibanez,2015-2019,1153,all,102,1.05866,0.83204,1491,595,867,783,688,230,35,2.95,10,53.58819584171697,1481,3,570.2,221,1385,135,187,170
1153,Universidad Adolfo Ibanez,2016-2020,1153,all,117,1.02947,0.81551,1754,677,983,943,858,264,32,2.28,12,57.2405929304447,1730,3,696.1,301,1618,133,295,202
1153,Universidad Adolfo Ibanez,2017-2021,1153,all,117,0.95499,0.78393,2023,765,1104,1104,1042,295,28,1.73,11,60.6524962926347,1990,3,823.9,388,1841,128,466,230
1153,Universidad Adolfo Ibanez,2018-2022,1153,all,126,1.00313,0.77867,2303,835,1209,1308,1213,338,21,1.14,10,62.44029526704298,2261,3,953.4,483,2051,128,655,242
1153,Universidad Adolfo Ibanez,2019-2023,1153,all,142,1.08523,0.84363,2649,947,1360,1559,1441,384,14,0.66,8,63.2314080785202,2601,3,1064.3,554,2255,102,755,296
1154,Universidad Adventista de Chile,2014-2018,1154,all,2,0.55851,2.03564,48,26,6,21,6,4,2,4.44,0,62.5,48,0,19.0,7,47,0,3,3
1154,Universidad Adventista de Chile,2015-2019,1154,all,2,0.51426,0.59936,94,58,24,42,13,6,2,2.27,0,68.08510638297872,94,0,35.7,12,91,1,19,23
1154,Universidad Adventista de Chile,2016-2020,1154,all,3,0.60554,0.57771,134,86,37,67,25,11,2,1.59,0,72.38805970149252,134,0,53.4,21,129,2,28,31
1154,Universidad Adventista de Chile,2017-2021,1154,all,5,0.66771,0.64188,166,100,52,86,38,14,1,0.65,0,73.49397590361446,166,0,66.6,27,159,3,37,36
1154,Universidad Adventista de Chile,2018-2022,1154,all,10,0.84129,0.67021,244,157,88,129,69,22,0,0.0,0,75.0,244,0,91.6,37,219,3,62,69
1154,Universidad Adventista de Chile,2019-2023,1154,all,10,0.97918,0.89421,287,195,103,154,98,31,0,0.0,0,75.95818815331009,287,0,110.2,49,253,3,84,83
1155,Universidad Alberto Hurtado,2014-2018,1155,all,31,0.77203,0.66137,605,365,426,196,143,57,0,0.0,0,63.80165289256198,602,1,216.6,75,547,52,56,162
1155,Universidad Alberto Hurtado,2015-2019,1155,all,31,0.78264,0.62362,697,419,485,216,168,64,0,0.0,0,64.41893830703013,691,1,265.6,109,631,48,123,187
1155,Universidad Alberto Hurtado,2016-2020,1155,all,36,0.76264,0.63276,800,486,549,260,214,74,0,0.0,0,65.375,793,1,309.2,131,725,58,178,206
1155,Universidad Alberto Hurtado,2017-2021,1155,all,43,0.78749,0.62087,928,541,614,300,278,88,0,0.0,0,67.78017241379311,922,1,372.6,177,829,56,269,230
1155,Universidad Alberto Hurtado,2018-2022,1155,all,41,0.7267,0.57587,999,564,643,312,306,83,0,0.0,0,69.96996996996997,993,1,409.0,208,878,49,369,245
1155,Universidad Alberto Hurtado,2019-2023,1155,all,45,0.73447,0.5571,1112,638,691,360,372,93,0,0.0,0,68.25539568345324,1107,1,425.9,212,925,37,421,268
1156,Universidad Arturo Prat,2014-2018,1156,all,11,0.76076,0.65403,390,259,221,188,150,32,10,2.7,0,63.58974358974359,390,0,144.3,48,369,12,31,91
1156,Universidad Arturo Prat,2015-2019,1156,all,12,0.7407,0.62882,456,304,234,218,171,39,12,2.78,0,67.10526315789474,456,0,174.5,62,437,12,63,104
1156,Universidad Arturo Prat,2016-2020,1156,all,15,0.68605,0.60398,563,343,292,287,214,45,11,2.07,0,67.85079928952042,563,0,221.5,85,540,11,119,111
1156,Universidad Arturo Prat,2017-2021,1156,all,22,0.75288,0.60488,671,369,327,364,279,70,6,0.95,0,70.34277198211625,671,0,291.8,140,646,13,196,116
1156,Universidad Arturo Prat,2018-2022,1156,all,27,0.79843,0.58521,774,410,361,440,341,94,6,0.82,0,71.96382428940568,774,0,335.1,165,732,11,263,132
1156,Universidad Arturo Prat,2019-2023,1156,all,26,0.76796,0.53776,816,432,369,460,363,95,4,0.52,0,72.42647058823529,816,0,344.2,175,739,9,275,138
1157,Universidad Austral de Chile,2014-2018,1157,all,139,0.94407,0.78456,3231,2141,1828,1887,1645,333,87,2.82,14,59.91952955741257,3066,7,1348.0,604,3084,267,277,779
1157,Universidad Austral de Chile,2015-2019,1157,all,139,0.95487,0.80758,3547,2229,1933,2111,1833,362,86,2.54,15,61.178460670989566,3394,7,1537.1,740,3397,266,576,831
1157,Universidad Austral de Chile,2016-2020,1157,all,156,0.9719,0.81031,4060,2389,2108,2467,2114,440,78,2.03,20,62.68472906403941,3918,7,1772.5,868,3883,259,967,907
1157,Universidad Austral de Chile,2017-2021,1157,all,161,0.97012,0.8026,4545,2555,2294,2772,2394,478,62,1.44,21,64.11441144114411,4424,7,2037.0,1059,4319,229,1402,970
1157,Universidad Austral de Chile,2018-2022,1157,all,163,0.95717,0.75939,4878,2754,2405,2983,2606,530,49,1.07,19,65.80565805658057,4753,7,2213.1,1188,4605,191,1773,1047
1157,Universidad Austral de Chile,2019-2023,1157,all,172,0.94005,0.72837,4999,2886,2425,3006,2669,545,32,0.68,17,66.19323864772954,4871,7,2206.6,1189,4581,137,1874,1112
1158,Universidad Autonoma de Chile,2014-2018,1158,all,67,0.93469,0.77179,2083,618,816,1466,900,236,75,3.86,4,54.72875660105617,2083,0,893.3,410,2021,116,174,227
1158,Universidad Autonoma de Chile,2015-2019,1158,all,79,1.06318,0.80306,2457,726,905,1791,1151,317,90,3.95,6,56.28815628815629,2457,0,1116.7,571,2390,139,371,262
1158,Universidad Autonoma de Chile,2016-2020,1158,all,96,1.08122,0.82245,2754,758,987,2011,1369,374,92,3.6,9,59.840232389252,2754,0,1317.2,728,2692,141,592,293
1158,Universidad Autonoma de Chile,2017-2021,1158,all,110,1.08026,0.82646,3079,852,1092,2222,1632,431,84,2.95,11,64.11172458590451,3079,0,1538.5,910,3005,144,854,335
1158,Universidad Autonoma de Chile,2018-2022,1158,all,124,1.09211,0.80166,3349,952,1169,2416,1749,484,70,2.26,11,67.09465512093162,3349,0,1692.6,1020,3262,129,1128,380
1158,Universidad Autonoma de Chile,2019-2023,1158,all,121,1.11963,0.79087,3577,1074,1200,2566,1827,511,53,1.59,8,69.13614760972881,3577,0,1753.7,1058,3377,101,1247,433
1159,Universidad Bernardo O'Higgins,2014-2018,1159,all,14,0.73022,0.52989,473,221,245,224,168,38,24,5.67,0,60.676532769556026,473,0,198.1,85,462,16,53,71
1159,Universidad Bernardo O'Higgins,2015-2019,1159,all,16,0.71965,0.53131,612,284,311,281,222,55,28,5.08,0,63.888888888888886,612,0,252.7,106,595,16,106,102
1159,Universidad Bernardo O'Higgins,2016-2020,1159,all,20,0.74639,0.56932,762,333,379,355,279,69,26,3.76,2,64.69816272965879,762,0,320.6,143,735,22,168,122
1159,Universidad Bernardo O'Higgins,2017-2021,1159,all,28,0.70513,0.59662,982,417,451,484,374,82,19,2.11,7,66.08961303462321,982,0,412.8,183,949,19,251,154
1159,Universidad Bernardo O'Higgins,2018-2022,1159,all,36,0.79295,0.60865,1203,491,527,635,492,107,18,1.64,16,69.90856192851204,1203,0,515.9,245,1148,15,347,189
1159,Universidad Bernardo O'Higgins,2019-2023,1159,all,39,0.79748,0.58391,1392,543,600,758,617,124,9,0.7,23,71.47988505747126,1392,0,577.7,293,1242,11,399,205
1160,Universidad Bolivariana de Chile,2014-2018,1160,all,0,0.65771,0.65771,1,1,1,0,0,0,0,0.0,0,100.0,1,0,0.3,0,1,0,0,0
1160,Universidad Bolivariana de Chile,2015-2019,1160,all,0,0.32885,0.32885,3,4,3,1,0,0,0,0.0,0,66.66666666666666,3,0,0.9,0,3,0,2,2
1160,Universidad Bolivariana de Chile,2016-2020,1160,all,0,0.21924,0.32885,4,5,3,1,1,0,0,0.0,0,75.0,4,0,1.2,0,4,0,2,3
1160,Universidad Bolivariana de Chile,2017-2021,1160,all,0,0.28701,0.32885,5,8,3,1,1,0,0,0.0,0,80.0,5,0,1.5,0,5,0,2,5
1160,Universidad Bolivariana de Chile,2018-2022,1160,all,0,0.36838,0.34762,6,9,3,3,1,0,0,0.0,0,83.33333333333333,6,0,1.5,0,5,0,2,5
1160,Universidad Bolivariana de Chile,2019-2023,1160,all,0,0.26313,0.34762,8,11,3,5,2,0,0,0.0,0,87.5,8,0,1.5,0,5,0,3,6
1161,Universidad Catolica Cardenal Raul Silva Henriquez,2014-2018,1161,all,4,0.6206,0.51468,82,57,49,23,17,5,0,0.0,0,73.17073170731707,73,1,25.6,7,69,2,5,20
1161,Universidad Catolica Cardenal Raul Silva Henriquez,2015-2019,1161,all,6,0.78464,0.66142,130,89,75,45,25,9,0,0.0,0,73.84615384615384,123,1,41.5,10,115,4,19,32
1161,Universidad Catolica Cardenal Raul Silva Henriquez,2016-2020,1161,all,8,0.78619,0.69967,187,128,106,68,36,15,0,0.0,0,75.93582887700535,180,1,60.6,15,167,6,45,49
1161,Universidad Catolica Cardenal Raul Silva Henriquez,2017-2021,1161,all,6,0.67948,0.59038,258,164,128,108,45,15,0,0.0,0,79.45736434108527,255,1,96.6,39,231,8,73,64
1161,Universidad Catolica Cardenal Raul Silva Henriquez,2018-2022,1161,all,9,0.65885,0.61734,327,207,151,145,60,20,0,0.0,0,81.95718654434249,325,1,124.3,52,293,8,101,83
1161,Universidad Catolica Cardenal Raul Silva Henriquez,2019-2023,1161,all,9,0.58086,0.50765,422,259,196,176,86,23,0,0.0,0,82.22748815165875,420,1,149.9,62,355,7,128,97
1162,Universidad Catolica de la Santisima Concepcion,2014-2018,1162,all,22,0.94222,0.76155,739,447,368,386,264,68,13,1.98,7,50.608930987821374,739,0,266.7,81,700,39,68,168
1162,Universidad Catolica de la Santisima Concepcion,2015-2019,1162,all,40,1.06849,0.89794,978,522,460,545,373,105,19,2.2,9,55.214723926380366,978,0,384.6,147,939,48,166,189
1162,Universidad Catolica de la Santisima Concepcion,2016-2020,1162,all,46,1.0193,0.84077,1277,620,607,763,520,131,18,1.58,11,59.04463586530932,1277,0,558.0,270,1230,48,285,228
1162,Universidad Catolica de la Santisima Concepcion,2017-2021,1162,all,55,0.99498,0.78672,1673,744,769,1027,741,173,15,1.0,13,62.10400478182905,1673,0,766.4,407,1605,54,459,279
1162,Universidad Catolica de la Santisima Concepcion,2018-2022,1162,all,68,1.00063,0.79204,1986,815,868,1213,894,222,11,0.62,16,64.45115810674723,1986,0,907.4,485,1893,46,606,315
1162,Universidad Catolica de la Santisima Concepcion,2019-2023,1162,all,71,0.98189,0.7297,2194,867,931,1352,1031,239,9,0.46,14,65.26891522333636,2194,0,982.3,538,2019,33,670,330
1163,Universidad Catolica de Temuco,2014-2018,1163,all,31,0.68585,0.56647,801,553,499,335,192,70,13,1.76,7,60.799001248439446,801,0,283.4,80,758,29,81,195
1163,Universidad Catolica de Temuco,2015-2019,1163,all,34,0.70575,0.54312,994,652,588,430,245,89,15,1.62,11,61.46881287726358,994,0,364.1,116,943,30,164,249
1163,Universidad Catolica de Temuco,2016-2020,1163,all,38,0.7,0.53039,1212,749,695,518,324,106,11,0.99,11,62.45874587458746,1212,0,452.8,157,1143,31,285,284
1163,Universidad Catolica de Temuco,2017-2021,1163,all,43,0.74036,0.53685,1406,850,754,606,415,116,7,0.54,10,64.43812233285917,1406,0,550.1,218,1325,40,414,333
1163,Universidad Catolica de Temuco,2018-2022,1163,all,53,0.74943,0.53993,1611,972,840,717,493,128,7,0.48,7,66.29422718808193,1611,0,637.9,274,1487,39,554,408
1163,Universidad Catolica de Temuco,2019-2023,1163,all,57,0.73595,0.56076,1796,1068,896,841,598,142,3,0.18,8,69.543429844098,1796,0,711.5,332,1597,32,622,435
1164,Universidad Catolica del Maule,2014-2018,1164,all,16,0.92187,0.49501,625,481,345,306,161,48,11,1.98,8,65.28,625,0,247.7,101,590,33,72,154
1164,Universidad Catolica del Maule,2015-2019,1164,all,19,0.85796,0.46931,890,626,488,468,237,68,15,1.9,10,65.95505617977528,890,0,358.4,149,847,42,190,227
1164,Universidad Catolica del Maule,2016-2020,1164,all,42,0.83587,0.5409,1308,772,686,747,369,115,21,1.76,12,67.88990825688073,1308,0,540.2,239,1243,48,374,273
1164,Universidad Catolica del Maule,2017-2021,1164,all,53,0.80663,0.56338,1805,954,902,1038,571,152,24,1.46,12,70.6371191135734,1805,0,808.2,417,1721,54,599,350
1164,Universidad Catolica del Maule,2018-2022,1164,all,75,0.86494,0.65982,2365,1095,1171,1392,796,210,21,0.97,11,71.37420718816068,2365,0,1100.5,613,2238,57,885,408
1164,Universidad Catolica del Maule,2019-2023,1164,all,95,0.86628,0.7046,2815,1244,1351,1705,1004,267,16,0.62,10,71.22557726465364,2815,0,1281.0,726,2576,50,1072,458
1165,Universidad Catolica del Norte,2014-2018,1165,all,75,0.97828,0.80199,1937,1079,957,1220,947,193,31,1.7,12,56.94372741352607,1894,2,773.8,310,1856,145,129,372
1165,Universidad Catolica del Norte,2015-2019,1165,all,82,0.95754,0.80018,2113,1136,1054,1349,1037,220,29,1.46,12,57.45385707524847,2076,2,873.7,370,2049,145,262,384
1165,Universidad Catolica del Norte,2016-2020,1165,all,101,0.97425,0.84924,2377,1237,1194,1507,1196,264,26,1.16,15,59.86537652503155,2335,2,1019.7,459,2328,136,450,413
1165,Universidad Catolica del Norte,2017-2021,1165,all,109,0.98474,0.84201,2760,1305,1350,1769,1452,313,25,0.96,17,61.66666666666666,2724,2,1227.7,595,2704,144,726,428
1165,Universidad Catolica del Norte,2018-2022,1165,all,113,0.95678,0.79823,3013,1379,1414,1978,1607,337,24,0.84,18,63.62429472286757,2986,2,1350.0,681,2911,127,973,453
1165,Universidad Catolica del Norte,2019-2023,1165,all,135,0.9726,0.79329,3240,1447,1499,2177,1741,381,16,0.53,13,63.61111111111112,3217,2,1405.3,724,2995,100,1093,479
1166,Universidad Central de Chile,2014-2018,1166,all,8,0.68597,0.53929,393,172,163,228,110,32,11,3.01,1,42.74809160305344,393,0,154.7,62,371,17,31,69
1166,Universidad Central de Chile,2015-2019,1166,all,10,0.67995,0.54207,449,189,184,257,138,39,10,2.37,3,46.770601336302896,449,0,180.3,75,426,15,60,68
1166,Universidad Central de Chile,2016-2020,1166,all,13,0.71437,0.51702,513,242,215,282,180,48,13,2.71,5,55.7504873294347,513,0,220.7,107,486,18,108,88
1166,Universidad Central de Chile,2017-2021,1166,all,17,0.96725,0.55098,546,282,237,281,219,63,12,2.4,5,63.003663003663,546,0,246.6,132,514,18,165,109
1166,Universidad Central de Chile,2018-2022,1166,all,18,0.89695,0.53779,612,310,264,313,247,67,10,1.79,5,67.48366013071896,612,0,272.7,144,573,10,219,126
1166,Universidad Central de Chile,2019-2023,1166,all,22,0.93713,0.53931,668,334,287,351,270,73,6,0.99,4,70.35928143712576,668,0,277.3,142,593,8,247,133
1168,Universidad de Antofagasta,2014-2018,1168,all,55,1.55706,0.85969,1058,533,481,713,566,173,33,3.16,18,62.476370510396976,1058,0,425.4,168,1026,60,75,177
1168,Universidad de Antofagasta,2015-2019,1168,all,60,1.54982,0.90476,1265,597,527,893,700,213,34,2.73,21,65.53359683794466,1265,0,514.9,205,1238,65,170,201
1168,Universidad de Antofagasta,2016-2020,1168,all,62,1.50451,0.88849,1509,676,610,1072,830,244,36,2.43,21,68.1245858184228,1509,0,623.1,255,1482,58,280,229
1168,Universidad de Antofagasta,2017-2021,1168,all,63,1.48027,0.83638,1683,735,687,1190,927,265,33,2.0,26,69.93464052287581,1683,0,699.1,292,1649,55,374,249
1168,Universidad de Antofagasta,2018-2022,1168,all,68,1.51188,0.84882,1825,778,711,1286,1042,291,27,1.51,20,71.3972602739726,1825,0,768.2,332,1786,44,492,261
1168,Universidad de Antofagasta,2019-2023,1168,all,61,1.4699,0.80121,1867,805,705,1315,1085,301,19,1.04,16,71.77289769683985,1867,0,781.7,353,1782,32,506,269
1169,Universidad ARCIS,2014-2018,1169,all,0,0.23998,0.30173,15,15,8,7,1,0,0,0.0,0,80.0,15,0,6.7,4,13,1,0,6
1169,Universidad ARCIS,2015-2019,1169,all,0,0.41813,0.31449,12,12,6,8,2,0,0,0.0,0,75.0,12,0,4.4,2,10,1,1,3
1169,Universidad ARCIS,2016-2020,1169,all,0,0.36444,0.23586,13,11,8,9,4,0,0,0.0,0,76.92307692307693,13,0,4.0,1,11,1,1,2
1169,Universidad ARCIS,2017-2021,1169,all,0,0.37352,0.18131,11,11,7,8,4,0,0,0.0,0,90.9090909090909,11,0,3.7,1,10,1,2,3
1169,Universidad ARCIS,2018-2022,1169,all,0,0.31109,0.0,8,8,5,6,3,0,0,0.0,0,87.5,8,0,2.1,0,7,0,2,1
1169,Universidad ARCIS,2019-2023,1169,all,0,0.34114,0.0,6,6,4,4,3,0,0,0.0,0,83.33333333333333,6,0,1.8,0,6,0,2,1
1170,"Universidad de Artes, Ciencias y Comunicacion",2014-2018,1170,all,0,0.15426,0.0,3,3,2,2,1,0,0,0.0,0,0.0,3,0,0.9,0,3,0,0,1
1170,"Universidad de Artes, Ciencias y Comunicacion",2015-2019,1170,all,0,0.17172,0.22896,5,5,4,3,0,0,0,0.0,0,40.0,5,0,1.5,0,5,0,2,1
1170,"Universidad de Artes, Ciencias y Comunicacion",2016-2020,1170,all,0,0.26535,0.19131,8,6,6,5,1,0,0,0.0,0,62.5,8,0,3.1,1,8,0,2,1
1170,"Universidad de Artes, Ciencias y Comunicacion",2017-2021,1170,all,0,0.22396,0.15943,11,9,7,6,1,0,0,0.0,0,54.54545454545456,11,0,4.7,2,11,0,3,3
1170,"Universidad de Artes, Ciencias y Comunicacion",2018-2022,1170,all,0,0.22396,0.15943,11,9,7,7,1,0,0,0.0,0,63.63636363636364,11,0,4.7,2,11,0,4,4
1170,"Universidad de Artes, Ciencias y Comunicacion",2019-2023,1170,all,0,0.36376,0.13665,13,11,7,8,2,1,0,0.0,0,69.23076923076923,13,0,5.0,2,12,0,4,4
1171,Universidad de Atacama,2014-2018,1171,all,7,0.79049,0.44624,401,209,197,267,149,26,12,3.11,2,59.10224438902743,401,0,149.4,48,386,11,29,52
1171,Universidad de Atacama,2015-2019,1171,all,10,0.85111,0.46697,567,267,263,381,221,46,12,2.21,6,62.78659611992945,567,0,215.6,74,546,14,68,72
1171,Universidad de Atacama,2016-2020,1171,all,13,0.89102,0.46385,743,323,325,510,316,71,13,1.82,6,63.9300134589502,743,0,290.3,107,718,13,118,95
1171,Universidad de Atacama,2017-2021,1171,all,18,0.88248,0.48851,935,399,394,645,406,93,13,1.46,6,66.41711229946524,935,0,372.8,149,895,14,181,129
1171,Universidad de Atacama,2018-2022,1171,all,21,0.98723,0.50838,1072,471,422,734,474,121,10,1.0,6,67.91044776119402,1072,0,430.6,181,1013,15,255,152
1171,Universidad de Atacama,2019-2023,1171,all,23,0.94038,0.52633,1156,470,399,821,525,126,6,0.56,5,67.30103806228374,1156,0,451.5,192,1057,11,316,146
1172,Universidad de Chile,2014-2018,1172,all,873,1.16322,0.87657,15321,10951,8639,8481,7539,2132,555,3.91,91,58.899549637752095,15138,13,5937.7,2281,14470,939,936,3858
1172,Universidad de Chile,2015-2019,1172,all,905,1.14803,0.86625,16045,11304,8877,8954,8061,2255,520,3.51,87,59.28326581489561,15843,16,6370.7,2585,15204,956,1863,4062
1172,Universidad de Chile,2016-2020,1172,all,899,1.13113,0.85097,16988,11770,9080,9579,8677,2356,473,3.0,85,60.93713209324229,16762,16,6915.5,2981,16096,913,3058,4287
1172,Universidad de Chile,2017-2021,1172,all,912,1.12601,0.85587,17806,12305,9318,10104,9382,2443,403,2.44,71,63.5403796473099,17560,16,7486.3,3466,16867,865,4447,4595
1172,Universidad de Chile,2018-2022,1172,all,869,1.10858,0.8253,18338,12678,9366,10513,9712,2455,285,1.68,64,65.11069909477588,18079,16,7730.8,3682,17178,736,5686,4854
1172,Universidad de Chile,2019-2023,1172,all,819,1.08933,0.79547,18482,12806,9215,10666,9972,2416,203,1.19,50,65.55026512282221,18199,16,7593.3,3690,16701,568,5892,4946
1173,Universidad Ucinf,2014-2018,1173,all,0,0.24799,0.17926,10,14,6,2,1,0,0,0.0,0,50.0,10,0,3.7,1,10,0,0,2
1173,Universidad Ucinf,2015-2019,1173,all,0,0.2358,0.14162,7,8,2,3,1,0,0,0.0,0,28.57142857142857,7,0,2.1,0,7,0,0,2
1173,Universidad Ucinf,2016-2020,1173,all,0,0.2358,0.14162,6,8,2,2,1,0,0,0.0,0,33.33333333333333,6,0,1.8,0,6,0,0,2
1173,Universidad Ucinf,2017-2021,1173,all,0,0.12357,0.0,4,5,1,1,0,0,0,0.0,0,50.0,4,0,1.2,0,4,0,0,1
1173,Universidad Ucinf,2018-2022,1173,all,0,0.16476,0.0,3,4,0,1,0,0,0,0.0,0,66.66666666666666,3,0,0.9,0,3,0,0,1
1173,Universidad Ucinf,2019-2023,1173,all,0,0.04393,0.0,1,1,0,1,0,0,0,0.0,0,0.0,1,0,0.3,0,1,0,0,0
1174,Universidad de Concepcion,2014-2018,1174,all,307,0.98703,0.79459,6479,4280,3601,3717,3250,763,187,3.04,130,53.85090291711684,6216,8,2432.4,825,6183,372,443,1520
1174,Universidad de Concepcion,2015-2019,1174,all,323,1.03234,0.7997,6954,4573,3794,3989,3522,838,177,2.69,139,55.72332470520564,6701,9,2708.0,1010,6670,403,968,1634
1174,Universidad de Concepcion,2016-2020,1174,all,341,1.05579,0.79441,7540,4829,3977,4425,3927,937,178,2.49,129,57.599469496021214,7299,9,3018.4,1213,7231,408,1575,1747
1174,Universidad de Concepcion,2017-2021,1174,all,338,1.06664,0.78047,8064,5073,4122,4776,4333,988,152,1.99,117,59.85863095238095,7845,9,3365.9,1499,7722,386,2273,1870
1174,Universidad de Concepcion,2018-2022,1174,all,337,1.12817,0.76464,8509,5287,4190,5090,4661,1073,119,1.48,94,61.99318368785991,8324,9,3594.8,1679,8065,327,2938,1972
1174,Universidad de Concepcion,2019-2023,1174,all,326,1.1047,0.73267,8715,5430,4179,5271,4903,1078,85,1.04,89,62.84566838783706,8559,9,3637.3,1756,8027,250,3142,2029
1175,Universidad de la Frontera,2014-2018,1175,all,107,1.11172,0.71564,2542,1536,1503,1364,889,284,102,4.31,17,62.273800157356405,2272,1,987.4,364,2442,128,188,569
1175,Universidad de la Frontera,2015-2019,1175,all,148,1.1246,0.76402,2820,1693,1664,1561,1036,335,92,3.51,24,62.234042553191486,2555,2,1118.8,433,2719,144,397,631
1175,Universidad de la Frontera,2016-2020,1175,all,155,1.09897,0.75551,3158,1836,1792,1795,1232,377,80,2.72,27,63.14122862571248,2870,2,1277.2,517,3051,157,677,700
1175,Universidad de la Frontera,2017-2021,1175,all,171,1.10769,0.72881,3569,2053,1987,2067,1475,422,65,1.96,27,64.30372653404315,3278,2,1498.4,656,3464,154,1026,770
1175,Universidad de la Frontera,2018-2022,1175,all,167,1.08301,0.71241,3909,2208,2100,2323,1638,455,55,1.52,23,66.5131747249936,3625,2,1673.3,773,3774,132,1363,867
1175,Universidad de la Frontera,2019-2023,1175,all,180,1.05995,0.71336,4205,2340,2194,2541,1864,481,35,0.9,20,68.03804994054697,3925,2,1805.5,880,3965,106,1529,910
1176,Universidad de La Serena,2014-2018,1176,all,26,1.4616,0.78172,794,398,337,485,451,131,15,1.94,2,67.12846347607052,794,0,319.1,125,772,31,48,139
1176,Universidad de La Serena,2015-2019,1176,all,34,1.45223,0.79781,896,454,362,558,523,154,16,1.83,1,69.30803571428571,896,0,362.9,143,876,32,80,153
1176,Universidad de La Serena,2016-2020,1176,all,31,1.49036,0.76428,1048,481,404,678,640,189,17,1.67,0,70.8969465648855,1048,0,420.8,164,1020,31,128,159
1176,Universidad de La Serena,2017-2021,1176,all,36,1.49522,0.79692,1161,524,403,772,741,224,14,1.25,0,72.3514211886305,1161,0,471.9,189,1132,29,189,181
1176,Universidad de La Serena,2018-2022,1176,all,38,1.41423,0.78202,1240,544,414,849,795,243,13,1.09,0,74.75806451612902,1240,0,488.5,190,1185,21,239,196
1176,Universidad de La Serena,2019-2023,1176,all,38,1.45667,0.70559,1345,561,432,951,872,253,6,0.46,0,77.24907063197026,1345,0,511.6,193,1255,16,247,199
1177,"Universidad de Las Americas, Chile",2014-2018,1177,all,0,0.58985,0.33863,97,101,57,34,16,3,0,0.0,0,69.0721649484536,97,0,37.4,14,92,4,11,27
1177,"Universidad de Las Americas, Chile",2015-2019,1177,all,3,0.76324,0.42804,175,148,95,58,30,9,1,0.6,0,72.0,175,0,72.0,30,170,8,37,42
1177,"Universidad de Las Americas, Chile",2016-2020,1177,all,7,0.74765,0.51355,297,208,141,111,83,24,2,0.7,0,74.41077441077442,297,0,134.8,70,286,17,90,62
1177,"Universidad de Las Americas, Chile",2017-2021,1177,all,17,0.777,0.64844,524,310,233,219,197,48,6,1.2,0,74.04580152671755,524,0,250.6,142,504,19,188,103
1177,"Universidad de Las Americas, Chile",2018-2022,1177,all,26,0.80343,0.64781,811,416,336,366,337,76,6,0.78,0,76.44882860665844,811,0,379.7,209,778,25,328,155
1177,"Universidad de Las Americas, Chile",2019-2023,1177,all,33,0.74144,0.62204,1112,534,472,514,450,96,6,0.57,0,77.78776978417265,1112,0,495.7,271,1020,24,460,200
1178,"Universidad de los Andes, Chile",2014-2018,1178,all,57,1.00277,0.69638,1237,881,672,572,472,146,60,5.58,16,59.7413096200485,1237,0,475.8,186,1152,76,68,341
1178,"Universidad de los Andes, Chile",2015-2019,1178,all,70,1.06204,0.75205,1355,1001,745,639,543,170,56,4.78,14,60.3690036900369,1355,0,536.9,221,1274,83,136,395
1178,"Universidad de los Andes, Chile",2016-2020,1178,all,80,1.05862,0.76171,1503,1094,841,723,617,195,49,3.81,11,62.27544910179641,1503,0,598.2,255,1399,86,240,434
1178,"Universidad de los Andes, Chile",2017-2021,1178,all,85,1.06806,0.75061,1735,1258,969,829,703,221,39,2.66,9,64.78386167146975,1735,0,692.9,305,1598,94,380,492
1178,"Universidad de los Andes, Chile",2018-2022,1178,all,87,1.03627,0.72187,1898,1426,1047,931,799,233,30,1.87,9,65.38461538461537,1898,0,753.2,335,1729,80,495,547
1178,"Universidad de los Andes, Chile",2019-2023,1178,all,93,1.00833,0.68963,2027,1494,1095,1016,900,242,18,1.05,9,64.77553034040453,2027,0,774.0,351,1761,63,557,553
1179,Universidad de Los Lagos,2014-2018,1179,all,19,0.99754,0.73264,627,327,304,320,204,80,8,1.38,3,56.14035087719298,620,1,259.2,117,591,53,60,110
1179,Universidad de Los Lagos,2015-2019,1179,all,24,0.97079,0.7226,785,378,364,410,261,93,7,0.96,5,60.0,777,1,321.9,141,744,57,157,125
1179,Universidad de Los Lagos,2016-2020,1179,all,33,0.93959,0.75341,949,434,428,509,328,106,6,0.67,4,62.4868282402529,945,1,403.7,191,900,59,247,143
1179,Universidad de Los Lagos,2017-2021,1179,all,41,0.88197,0.73564,1130,477,530,620,420,123,5,0.48,4,67.43362831858407,1121,1,497.7,252,1071,55,352,163
1179,Universidad de Los Lagos,2018-2022,1179,all,47,0.83451,0.69862,1257,522,576,695,475,130,2,0.17,4,68.89419252187749,1247,1,557.9,290,1183,50,460,178
1179,Universidad de Los Lagos,2019-2023,1179,all,53,0.89379,0.78217,1294,523,575,733,524,143,2,0.17,3,70.32457496136011,1284,1,564.9,300,1183,40,499,183
1180,Universidad de Magallanes,2014-2018,1180,all,17,1.02068,0.70894,560,281,253,421,296,67,19,3.51,0,60.71428571428572,523,1,252.9,126,549,42,48,97
1180,Universidad de Magallanes,2015-2019,1180,all,24,1.10811,0.73608,639,299,289,486,357,89,17,2.74,0,61.18935837245696,596,1,300.5,161,626,52,86,102
1180,Universidad de Magallanes,2016-2020,1180,all,23,1.10612,0.68472,723,329,289,556,386,107,13,1.85,0,63.76210235131397,681,1,348.1,196,703,62,150,124
1180,Universidad de Magallanes,2017-2021,1180,all,30,1.06357,0.72651,777,371,327,582,431,105,9,1.19,0,66.28056628056628,746,1,386.9,230,753,60,228,138
1180,Universidad de Magallanes,2018-2022,1180,all,33,1.16424,0.74245,837,431,343,618,484,116,4,0.49,1,69.17562724014337,811,1,425.4,261,809,60,304,162
1180,Universidad de Magallanes,2019-2023,1180,all,33,1.18881,0.76262,871,443,335,629,521,122,2,0.24,2,70.49368541905855,853,1,436.9,271,824,51,344,171
1181,Universidad de Playa Ancha,2014-2018,1181,all,11,0.67075,0.47632,600,271,298,230,133,39,4,0.78,0,56.83333333333333,600,0,232.6,97,549,16,60,104
1181,Universidad de Playa Ancha,2015-2019,1181,all,12,0.67257,0.48314,697,330,350,270,164,44,7,1.2,2,59.827833572453365,695,1,272.1,120,627,20,105,135
1181,Universidad de Playa Ancha,2016-2020,1181,all,17,0.6582,0.49715,756,375,388,286,193,47,6,0.95,2,62.698412698412696,752,1,297.3,135,676,25,163,149
1181,Universidad de Playa Ancha,2017-2021,1181,all,19,0.66447,0.48375,802,404,402,309,248,50,7,1.04,2,64.58852867830424,794,1,323.8,157,713,28,234,175
1181,Universidad de Playa Ancha,2018-2022,1181,all,14,0.60914,0.43683,840,447,417,324,268,47,7,0.99,2,67.73809523809524,829,1,334.9,160,743,28,299,213
1181,Universidad de Playa Ancha,2019-2023,1181,all,13,0.56727,0.41185,818,463,407,328,274,42,5,0.72,2,72.6161369193154,804,1,303.0,135,695,20,297,215
1183,Universidad de Santiago de Chile,2014-2018,1183,all,156,0.83481,0.73568,3668,2237,2113,1892,1564,340,150,4.49,127,50.13631406761178,3668,0,1351.6,445,3467,131,200,653
1183,Universidad de Santiago de Chile,2015-2019,1183,all,180,0.84725,0.74294,4059,2402,2313,2125,1757,399,142,3.85,126,52.30352303523035,4059,0,1542.7,559,3838,146,443,724
1183,Universidad de Santiago de Chile,2016-2020,1183,all,223,0.84934,0.74431,4597,2679,2582,2436,2082,479,125,2.99,106,54.25277354796607,4597,0,1794.3,702,4343,165,762,827
1183,Universidad de Santiago de Chile,2017-2021,1183,all,253,0.87138,0.74423,5102,2937,2781,2747,2427,563,113,2.41,84,57.17365738925912,5102,0,2073.9,900,4813,155,1179,920
1183,Universidad de Santiago de Chile,2018-2022,1183,all,265,0.91154,0.73504,5431,3054,2882,2948,2676,623,95,1.89,64,59.675934450377454,5431,0,2254.6,1045,5077,137,1540,952
1183,Universidad de Santiago de Chile,2019-2023,1183,all,260,0.90826,0.68239,5668,3200,2942,3148,2840,649,67,1.28,52,61.13267466478476,5668,0,2288.8,1093,5079,110,1683,1000
1184,Universidad de Talca,2014-2018,1184,all,108,0.97113,0.81812,2150,1035,1314,1131,872,226,87,4.59,21,54.0,2076,4,801.1,268,2045,92,125,321
1184,Universidad de Talca,2015-2019,1184,all,107,0.97991,0.81405,2368,1130,1424,1281,1005,245,80,3.81,11,55.91216216216216,2294,4,899.5,325,2240,98,298,348
1184,Universidad de Talca,2016-2020,1184,all,111,0.97681,0.81826,2522,1166,1443,1418,1132,271,76,3.38,12,58.00951625693894,2454,4,986.5,385,2390,99,502,362
1184,Universidad de Talca,2017-2021,1184,all,135,0.97947,0.81341,2829,1272,1571,1609,1360,336,70,2.76,11,60.76352067868505,2761,4,1143.4,487,2675,102,804,411
1184,Universidad de Talca,2018-2022,1184,all,141,0.96276,0.8277,3043,1361,1634,1721,1494,365,54,1.96,10,63.09562931317778,2986,4,1229.8,541,2837,90,1076,433
1184,Universidad de Talca,2019-2023,1184,all,157,0.99632,0.82138,3238,1464,1676,1901,1677,415,40,1.35,9,64.17541692402718,3186,4,1294.6,595,2927,76,1213,472
1185,Universidad de Tarapaca,2014-2018,1185,all,61,0.87081,0.64629,1334,651,771,795,485,154,30,2.39,0,58.3208395802099,1175,4,487.2,162,1246,44,79,196
1185,Universidad de Tarapaca,2015-2019,1185,all,63,0.87833,0.67053,1430,693,795,877,545,168,28,2.08,2,58.74125874125873,1282,4,542.3,200,1341,41,169,220
1185,Universidad de Tarapaca,2016-2020,1185,all,66,0.95237,0.63968,1673,775,900,1027,668,205,25,1.58,4,61.80514046622833,1522,4,640.9,250,1553,44,284,240
1185,Universidad de Tarapaca,2017-2021,1185,all,84,1.04263,0.65123,2016,823,1044,1294,874,285,20,1.06,4,66.07142857142857,1863,4,777.8,314,1860,41,456,257
1185,Universidad de Tarapaca,2018-2022,1185,all,118,1.2582,0.79954,2361,850,1193,1560,1097,386,16,0.72,7,66.24311732316815,2206,4,916.8,387,2153,39,653,271
1185,Universidad de Tarapaca,2019-2023,1185,all,136,1.34698,0.83065,2859,914,1301,1996,1482,475,15,0.56,7,66.91150752011193,2716,4,1056.3,441,2492,30,772,292
1186,Universidad de Valparaiso,2014-2018,1186,all,54,0.98396,0.54896,2283,1407,1061,1393,1137,261,51,2.36,10,69.2071835304424,2260,1,851.0,293,2153,59,99,492
1186,Universidad de Valparaiso,2015-2019,1186,all,52,1.01014,0.54313,2447,1506,1105,1498,1250,284,48,2.08,10,70.8214139762975,2426,2,946.3,358,2319,61,205,550
1186,Universidad de Valparaiso,2016-2020,1186,all,58,1.00509,0.52912,2719,1636,1205,1644,1405,322,44,1.72,15,72.4163295329165,2700,2,1100.7,465,2584,76,386,609
1186,Universidad de Valparaiso,2017-2021,1186,all,75,0.98198,0.55188,2996,1758,1376,1745,1520,355,36,1.28,13,73.49799732977303,2982,2,1254.3,576,2837,82,598,657
1186,Universidad de Valparaiso,2018-2022,1186,all,83,0.91748,0.56693,3172,1855,1441,1829,1588,365,27,0.91,13,74.4325346784363,3156,2,1321.2,618,2962,79,808,727
1186,Universidad de Valparaiso,2019-2023,1186,all,92,0.91488,0.58198,3248,1952,1487,1842,1628,379,18,0.6,16,74.32266009852216,3236,2,1333.9,649,2932,67,889,772
1187,Universidad de Vina del Mar,2014-2018,1187,all,1,0.51797,0.39172,82,111,35,24,11,5,1,1.37,0,67.07317073170732,82,0,29.1,9,76,1,8,30
1187,Universidad de Vina del Mar,2015-2019,1187,all,1,0.53442,0.33311,110,103,48,33,18,6,1,1.02,0,75.45454545454545,110,0,39.7,13,102,1,16,34
1187,Universidad de Vina del Mar,2016-2020,1187,all,1,0.50619,0.29374,139,118,61,49,26,6,1,0.8,0,74.10071942446044,139,0,50.6,17,129,2,28,46
1187,Universidad de Vina del Mar,2017-2021,1187,all,1,0.51161,0.35103,193,127,82,82,43,6,0,0.0,0,78.75647668393782,193,0,73.5,27,182,4,40,44
1187,Universidad de Vina del Mar,2018-2022,1187,all,3,0.60528,0.40336,272,174,108,131,67,14,0,0.0,0,81.98529411764707,272,0,105.4,43,251,4,57,66
1187,Universidad de Vina del Mar,2019-2023,1187,all,4,0.56602,0.36974,349,182,136,179,94,15,0,0.0,0,83.95415472779369,349,0,141.3,69,310,3,78,76
1188,Universidad del Bio-Bio,2014-2018,1188,all,49,0.72994,0.60977,1333,824,724,689,458,112,32,2.54,28,55.73893473368342,1314,2,453.2,113,1247,30,97,267
1188,Universidad del Bio-Bio,2015-2019,1188,all,47,0.69136,0.57766,1552,918,817,802,523,118,29,1.99,33,56.44329896907216,1528,3,541.9,148,1461,38,217,293
1188,Universidad del Bio-Bio,2016-2020,1188,all,57,0.73582,0.59737,1809,1006,923,962,643,156,31,1.83,30,58.2089552238806,1784,3,667.4,221,1709,44,372,331
1188,Universidad del Bio-Bio,2017-2021,1188,all,62,0.74871,0.63013,2014,1130,1003,1060,755,186,29,1.54,28,60.12909632571996,1987,3,755.8,268,1894,41,534,380
1188,Universidad del Bio-Bio,2018-2022,1188,all,61,0.75877,0.61566,2195,1201,1035,1163,874,196,20,0.97,21,61.59453302961276,2167,3,848.5,322,2077,31,695,399
1188,Universidad del Bio-Bio,2019-2023,1188,all,57,0.74893,0.57394,2324,1309,1082,1258,991,201,14,0.63,17,61.96213425129088,2297,3,888.2,365,2109,26,768,438
1189,Universidad del Desarrollo,2014-2018,1189,all,59,1.4668,0.82096,1390,1001,669,714,631,193,63,5.04,7,64.60431654676259,1390,0,600.5,281,1346,154,116,362
1189,Universidad del Desarrollo,2015-2019,1189,all,67,1.45507,0.82819,1530,1095,718,808,725,213,65,4.78,8,64.640522875817,1530,0,684.4,337,1495,144,240,406
1189,Universidad del Desarrollo,2016-2020,1189,all,74,1.2272,0.86907,1798,1230,839,980,880,239,60,3.74,7,64.90545050055617,1798,0,810.4,409,1747,146,454,493
1189,Universidad del Desarrollo,2017-2021,1189,all,87,1.37744,0.96911,2049,1369,939,1142,1026,281,49,2.68,5,67.20351390922401,2049,0,943.1,494,1991,146,677,555
1189,Universidad del Desarrollo,2018-2022,1189,all,98,1.40715,1.02481,2264,1521,1027,1307,1163,333,29,1.46,7,68.50706713780919,2264,0,1054.6,574,2176,135,884,620
1189,Universidad del Desarrollo,2019-2023,1189,all,111,1.40621,0.99317,2455,1645,1107,1435,1278,360,23,1.07,9,69.0020366598778,2455,0,1114.9,616,2279,116,962,677
1190,"Universidad del Mar, Chile",2014-2018,1190,all,0,0.13725,0.05073,4,4,2,3,0,0,0,0.0,0,75.0,4,0,1.2,0,4,0,0,3
1190,"Universidad del Mar, Chile",2015-2019,1190,all,0,0.46884,0.0,3,4,1,1,1,0,0,0.0,0,33.33333333333333,3,0,1.6,1,3,0,0,2
1190,"Universidad del Mar, Chile",2016-2020,1190,all,0,0.46884,0.0,3,4,1,1,1,0,0,0.0,0,33.33333333333333,3,0,1.6,1,3,0,0,2
1190,"Universidad del Mar, Chile",2017-2021,1190,all,0,0.46884,0.0,3,4,0,1,1,0,0,0.0,0,33.33333333333333,3,0,1.6,1,3,0,0,1
1190,"Universidad del Mar, Chile",2018-2022,1190,all,0,1.51233,0.0,8,5,0,6,1,2,0,0.0,0,75.0,8,0,2.9,2,5,0,3,2
1190,"Universidad del Mar, Chile",2019-2023,1190,all,0,1.51233,0.0,9,5,0,7,1,2,0,0.0,0,77.77777777777777,9,0,2.9,2,5,0,3,2
1191,"Universidad del Pacifico, Chile",2014-2018,1191,all,1,0.73432,0.62389,6,5,4,1,2,2,0,0.0,0,100.0,6,0,2.5,1,6,0,0,2
1191,"Universidad del Pacifico, Chile",2015-2019,1191,all,1,1.09042,1.09042,2,1,2,0,0,1,0,0.0,0,100.0,2,0,0.6,0,2,0,0,0
1191,"Universidad del Pacifico, Chile",2016-2020,1191,all,0,0.04824,0.04824,1,1,1,1,0,0,0,0.0,0,0.0,1,0,0.3,0,1,0,0,1
1191,"Universidad del Pacifico, Chile",2017-2021,1191,all,0,0.02412,0.02412,2,8,2,2,0,0,0,0.0,0,50.0,2,0,0.6,0,2,0,0,1
1191,"Universidad del Pacifico, Chile",2018-2022,1191,all,0,0.02412,0.02412,2,8,2,2,0,0,0,0.0,0,50.0,2,0,0.6,0,2,0,0,1
1191,"Universidad del Pacifico, Chile",2019-2023,1191,all,0,0.02412,0.02412,2,8,2,2,0,0,0,0.0,0,50.0,2,0,0.6,0,2,0,0,1
1192,Universidad Diego Portales,2014-2018,1192,all,114,1.65976,0.99191,2102,786,999,1204,980,355,22,1.21,0,64.55756422454805,2078,2,810.9,315,1968,189,104,283
1192,Universidad Diego Portales,2015-2019,1192,all,119,1.66035,1.02922,2146,813,958,1268,1066,379,16,0.86,0,65.89002795899349,2123,3,838.1,329,2026,184,214,279
1192,Universidad Diego Portales,2016-2020,1192,all,115,1.49224,1.06214,2121,798,889,1294,1140,406,10,0.54,13,68.7883074021688,2097,3,845.5,352,1997,161,332,276
1192,Universidad Diego Portales,2017-2021,1192,all,107,1.46052,1.02014,2244,837,892,1372,1268,425,9,0.46,19,72.28163992869875,2217,3,918.6,414,2096,146,493,303
1192,Universidad Diego Portales,2018-2022,1192,all,106,1.36854,0.88993,2373,901,928,1439,1340,430,5,0.24,24,74.25200168563,2352,3,977.2,451,2205,116,645,328
1192,Universidad Diego Portales,2019-2023,1192,all,118,1.21669,0.89951,2538,980,1006,1573,1460,428,4,0.18,26,73.60126083530339,2515,3,1019.6,485,2267,89,717,341
1193,Universidad Finis Terrae,2014-2018,1193,all,12,0.78796,0.61388,388,241,204,143,103,36,5,1.42,0,56.18556701030928,388,0,153.4,64,362,9,24,70
1193,Universidad Finis Terrae,2015-2019,1193,all,11,0.75626,0.52501,435,278,225,154,117,42,6,1.51,0,57.70114942528736,435,0,174.2,74,408,14,67,84
1193,Universidad Finis Terrae,2016-2020,1193,all,9,0.73256,0.5126,465,305,237,188,133,38,5,1.17,0,61.72043010752688,465,0,186.6,81,433,11,113,103
1193,Universidad Finis Terrae,2017-2021,1193,all,12,0.80372,0.50769,594,407,294,253,193,48,5,0.92,0,63.63636363636364,594,0,242.1,108,555,13,194,140
1193,Universidad Finis Terrae,2018-2022,1193,all,19,1.24831,0.58494,705,437,323,327,257,75,5,0.78,0,64.9645390070922,705,0,287.7,129,658,14,259,161
1193,Universidad Finis Terrae,2019-2023,1193,all,23,1.15283,0.54469,824,522,367,386,322,86,4,0.54,0,66.01941747572816,824,0,322.0,148,728,12,307,192
1194,Universidad Gabriela Mistral,2014-2018,1194,all,0,0.61749,0.61377,43,35,21,8,5,2,0,0.0,0,76.74418604651162,43,0,15.7,4,43,0,1,16
1194,Universidad Gabriela Mistral,2015-2019,1194,all,0,0.54761,0.47978,52,39,29,12,4,2,0,0.0,0,78.84615384615384,52,0,21.0,9,49,0,5,15
1194,Universidad Gabriela Mistral,2016-2020,1194,all,0,0.52656,0.43511,53,41,29,11,3,2,1,2.38,0,83.01886792452831,53,0,21.7,10,49,0,5,16
1194,Universidad Gabriela Mistral,2017-2021,1194,all,0,0.62141,0.52681,60,44,29,17,5,3,2,3.92,0,80.0,60,0,25.3,13,54,0,9,19
1194,Universidad Gabriela Mistral,2018-2022,1194,all,1,0.56357,0.53543,59,47,28,19,6,3,2,4.26,0,77.96610169491525,59,0,26.4,15,53,0,12,23
1194,Universidad Gabriela Mistral,2019-2023,1194,all,1,0.53842,0.48117,59,39,30,25,9,3,2,4.55,0,81.35593220338983,59,0,26.7,18,47,0,15,14
1195,Universidad Iberoamericana de Ciencias y Tecnologia,2014-2018,1195,all,0,0.50551,0.22277,28,27,5,12,9,2,0,0.0,0,60.71428571428572,28,0,11.2,4,28,2,0,14
1195,Universidad Iberoamericana de Ciencias y Tecnologia,2015-2019,1195,all,0,0.52943,0.22277,25,24,5,10,8,2,0,0.0,0,60.0,25,0,10.3,4,25,1,0,12
1195,Universidad Iberoamericana de Ciencias y Tecnologia,2016-2020,1195,all,0,0.57712,0.22796,20,20,3,8,6,2,0,0.0,0,60.0,20,0,8.8,4,20,0,1,8
1195,Universidad Iberoamericana de Ciencias y Tecnologia,2017-2021,1195,all,0,0.48801,0.0,10,11,0,5,4,1,0,0.0,0,60.0,10,0,5.1,3,10,0,1,5
1195,Universidad Iberoamericana de Ciencias y Tecnologia,2018-2022,1195,all,0,0.65896,0.0,4,5,0,2,1,1,0,0.0,0,100.0,4,0,1.9,1,4,0,1,0
1195,Universidad Iberoamericana de Ciencias y Tecnologia,2019-2023,1195,all,0,0.17758,0.0,2,2,0,1,0,0,0,0.0,0,100.0,2,0,0.6,0,2,0,1,0
1196,Universidad Internacional SEK Chile,2014-2018,1196,all,1,1.21371,0.58639,30,29,12,20,14,6,0,0.0,0,63.33333333333333,30,0,12.7,7,26,1,2,8
1196,Universidad Internacional SEK Chile,2015-2019,1196,all,1,0.93567,0.47526,42,32,15,24,18,6,0,0.0,0,57.14285714285714,42,0,19.3,10,41,3,3,7
1196,Universidad Internacional SEK Chile,2016-2020,1196,all,0,0.75873,0.18305,59,36,15,37,24,8,0,0.0,0,66.10169491525424,59,0,27.2,14,58,5,8,7
1196,Universidad Internacional SEK Chile,2017-2021,1196,all,0,0.75378,0.26855,86,52,22,51,37,8,1,1.22,0,67.44186046511628,86,0,41.3,23,84,5,19,16
1196,Universidad Internacional SEK Chile,2018-2022,1196,all,0,0.70832,0.33215,108,54,23,64,44,7,1,0.96,0,71.29629629629629,108,0,50.8,28,104,6,31,19
1196,Universidad Internacional SEK Chile,2019-2023,1196,all,0,0.65648,0.32812,126,57,23,70,45,7,1,0.81,0,73.01587301587301,126,0,59.6,35,117,7,38,24
1197,Universidad La Republica,2014-2018,1197,all,0,0.40708,0.80251,11,10,4,4,2,0,0,0.0,0,72.72727272727272,11,0,4.7,2,11,2,0,5
1197,Universidad La Republica,2015-2019,1197,all,0,0.3302,0.67806,10,9,3,3,1,0,0,0.0,0,70.0,10,0,3.7,1,10,1,0,5
1197,Universidad La Republica,2016-2020,1197,all,0,0.3086,0.67806,8,8,3,3,1,0,0,0.0,0,62.5,8,0,3.1,1,8,1,0,4
1197,Universidad La Republica,2017-2021,1197,all,0,0.21419,0.34471,9,14,4,3,2,0,0,0.0,0,77.77777777777777,9,0,3.4,1,9,0,0,7
1197,Universidad La Republica,2018-2022,1197,all,0,0.12291,0.21046,9,14,3,3,2,0,0,0.0,0,66.66666666666666,9,0,2.7,0,9,0,2,6
1197,Universidad La Republica,2019-2023,1197,all,0,0.08226,0.0974,6,10,3,1,1,0,0,0.0,0,66.66666666666666,6,0,1.5,0,5,0,2,3
1198,Universidad Los Leones,2016-2020,1198,all,0,0.0,0.0,1,1,1,0,0,0,0,0.0,0,100.0,1,0,0.3,0,1,0,0,0
1198,Universidad Los Leones,2017-2021,1198,all,0,0.0,0.0,1,1,1,0,0,0,0,0.0,0,100.0,1,0,0.3,0,1,0,0,0
1198,Universidad Los Leones,2018-2022,1198,all,0,0.0,0.0,1,1,1,0,0,0,0,0.0,0,100.0,1,0,0.3,0,1,0,0,0
1198,Universidad Los Leones,2019-2023,1198,all,0,0.0,0.0,1,1,1,0,0,0,0,0.0,0,100.0,1,0,0.3,0,1,0,0,0
1199,Universidad Mayor,2014-2018,1199,all,32,1.0973,0.8609,744,594,321,430,354,94,40,5.6,2,71.23655913978496,744,0,346.7,185,724,45,79,204
1199,Universidad Mayor,2015-2019,1199,all,45,1.11581,0.93255,1093,730,449,672,544,136,53,5.08,3,70.17383348581885,1093,0,523.5,291,1066,73,221,260
1199,Universidad Mayor,2016-2020,1199,all,69,1.2012,0.93681,1511,880,612,944,798,208,59,4.06,4,69.88749172733289,1511,0,731.1,414,1471,92,402,336
1199,Universidad Mayor,2017-2021,1199,all,80,1.17907,0.88386,1919,1032,753,1214,1036,245,54,2.96,3,70.87024491922877,1919,0,935.6,542,1854,108,614,411
1199,Universidad Mayor,2018-2022,1199,all,88,1.1984,0.89586,2217,1155,844,1407,1224,296,47,2.22,5,71.35769057284618,2217,0,1064.7,606,2135,106,778,474
1199,Universidad Mayor,2019-2023,1199,all,88,1.17041,0.85363,2334,1207,849,1464,1325,317,34,1.54,5,69.9228791773779,2334,0,1102.8,633,2199,91,857,488
1200,Universidad Metropolitana de Ciencias de la Educacion,2014-2018,1200,all,5,0.62063,0.51206,208,124,103,78,53,12,9,4.84,0,57.692307692307686,208,0,79.7,35,184,8,12,41
1200,Universidad Metropolitana de Ciencias de la Educacion,2015-2019,1200,all,5,0.67978,0.49192,231,143,110,90,62,15,9,4.35,0,54.97835497835498,231,0,88.4,38,206,7,22,44
1200,Universidad Metropolitana de Ciencias de la Educacion,2016-2020,1200,all,7,0.58992,0.42596,300,192,143,125,76,18,5,1.87,0,60.66666666666666,300,0,115.6,52,264,7,50,64
1200,Universidad Metropolitana de Ciencias de la Educacion,2017-2021,1200,all,8,0.62813,0.40768,371,225,180,165,104,23,4,1.19,0,66.0377358490566,371,0,149.9,74,327,7,78,85
1200,Universidad Metropolitana de Ciencias de la Educacion,2018-2022,1200,all,8,0.6863,0.42253,492,275,228,240,126,29,1,0.22,0,70.32520325203252,492,0,180.2,86,400,4,118,113
1200,Universidad Metropolitana de Ciencias de la Educacion,2019-2023,1200,all,7,0.65242,0.37265,567,306,256,274,142,35,0,0.0,0,72.31040564373897,567,0,201.3,99,440,3,133,117
1201,Universidad Miguel de Cervantes,2014-2018,1201,all,0,1.75996,0.0,1,1,0,1,1,0,0,0.0,0,0.0,1,0,0.3,0,1,0,0,0
1201,Universidad Miguel de Cervantes,2015-2019,1201,all,0,0.25142,0.0,7,5,1,2,1,0,0,0.0,0,71.42857142857143,7,0,2.1,0,7,0,1,0
1201,Universidad Miguel de Cervantes,2016-2020,1201,all,1,0.64228,1.16571,10,12,4,3,1,1,0,0.0,0,70.0,10,0,3.0,0,10,0,2,2
1201,Universidad Miguel de Cervantes,2017-2021,1201,all,1,0.42745,0.69711,17,17,7,6,1,1,0,0.0,0,70.58823529411765,17,0,4.5,0,15,0,4,3
1201,Universidad Miguel de Cervantes,2018-2022,1201,all,1,0.36683,0.69711,21,18,7,8,1,1,0,0.0,0,76.19047619047619,21,0,5.7,0,19,0,5,3
1201,Universidad Miguel de Cervantes,2019-2023,1201,all,1,0.27712,0.60997,26,23,8,10,0,1,0,0.0,0,84.61538461538461,26,0,7.9,1,24,0,5,7
1202,"Universidad Andres Bello, Chile",2014-2018,1202,all,133,1.07194,0.80812,3318,1697,1443,1905,1897,380,154,4.94,17,59.28270042194093,3298,1,1389.4,613,3201,151,188,592
1202,"Universidad Andres Bello, Chile",2015-2019,1202,all,133,1.08922,0.8204,3668,1853,1552,2131,2057,409,133,3.87,14,60.49618320610687,3650,1,1544.6,689,3541,153,417,658
1202,"Universidad Andres Bello, Chile",2016-2020,1202,all,144,1.1295,0.81011,4292,2091,1723,2540,2325,526,118,2.93,14,62.62814538676608,4274,1,1818.7,826,4135,146,730,778
1202,"Universidad Andres Bello, Chile",2017-2021,1202,all,162,1.11996,0.79611,5062,2390,1975,3052,2700,633,98,2.06,16,64.34215725009878,5047,1,2191.6,1051,4853,153,1162,903
1202,"Universidad Andres Bello, Chile",2018-2022,1202,all,163,1.10293,0.78133,5655,2635,2124,3483,2918,715,79,1.49,10,66.70203359858532,5640,1,2426.7,1170,5359,138,1548,1008
1202,"Universidad Andres Bello, Chile",2019-2023,1202,all,188,1.08571,0.79091,6310,2913,2333,3946,3181,808,52,0.88,7,67.51188589540412,6293,1,2633.3,1268,5819,96,1799,1095
1203,Universidad Pedro de Valdivia,2014-2018,1203,all,0,0.38934,0.06791,16,24,3,9,1,1,0,0.0,0,37.5,16,0,6.2,2,16,1,1,7
1203,Universidad Pedro de Valdivia,2015-2019,1203,all,0,0.45223,0.06231,26,34,6,11,4,1,0,0.0,0,46.15384615384615,26,0,13.8,9,25,1,3,9
1203,Universidad Pedro de Valdivia,2016-2020,1203,all,0,0.56129,0.19148,39,47,14,15,8,3,0,0.0,0,53.84615384615385,39,0,21.2,14,38,1,7,12
1203,Universidad Pedro de Valdivia,2017-2021,1203,all,1,0.60177,0.39307,55,59,19,28,14,3,0,0.0,0,60.0,55,0,27.9,18,51,0,14,19
1203,Universidad Pedro de Valdivia,2018-2022,1203,all,1,0.59804,0.35563,56,59,21,26,15,3,0,0.0,0,62.5,56,0,28.2,18,52,0,15,18
1203,Universidad Pedro de Valdivia,2019-2023,1203,all,1,0.61312,0.37342,54,54,20,25,15,3,0,0.0,0,64.81481481481481,54,0,27.6,18,50,0,15,18
1205,Universidad San Sebastian,2014-2018,1205,all,21,0.66992,0.56341,1032,594,422,523,302,66,38,3.86,3,60.56201550387597,1032,0,425.6,182,994,45,85,241
1205,Universidad San Sebastian,2015-2019,1205,all,28,0.70294,0.62195,1252,747,492,636,396,85,38,3.2,5,62.77955271565495,1252,0,531.9,240,1213,48,192,309
1205,Universidad San Sebastian,2016-2020,1205,all,35,0.75469,0.6249,1373,831,513,714,504,115,37,2.84,6,65.1128914785142,1373,0,601.8,288,1334,53,316,337
1205,Universidad San Sebastian,2017-2021,1205,all,42,0.81614,0.6556,1465,913,550,713,590,137,30,2.17,11,68.32764505119454,1465,0,671.0,341,1441,51,461,376
1205,Universidad San Sebastian,2018-2022,1205,all,50,0.85074,0.65026,1729,1015,639,875,727,176,19,1.18,14,68.13186813186813,1729,0,788.6,404,1686,46,657,411
1205,Universidad San Sebastian,2019-2023,1205,all,58,0.92825,0.66198,2175,1196,752,1209,978,232,14,0.71,14,65.14942528735632,2175,0,940.5,492,1987,38,816,473
1206,"Universidad Santo Tomas, Chile",2014-2018,1206,all,11,0.81519,0.50775,596,477,240,292,161,58,9,1.64,2,68.28859060402685,596,0,262.5,129,574,27,55,174
1206,"Universidad Santo Tomas, Chile",2015-2019,1206,all,12,0.72637,0.46843,714,551,271,353,190,53,9,1.37,1,70.30812324929973,714,0,311.0,149,689,29,118,204
1206,"Universidad Santo Tomas, Chile",2016-2020,1206,all,15,0.70668,0.50956,866,639,301,455,232,60,10,1.26,1,70.55427251732101,866,0,375.5,176,841,29,200,264
1206,"Universidad Santo Tomas, Chile",2017-2021,1206,all,18,0.75359,0.55143,1106,744,367,605,330,73,10,0.98,1,72.5135623869801,1106,0,503.5,256,1081,39,343,317
1206,"Universidad Santo Tomas, Chile",2018-2022,1206,all,22,0.80939,0.63832,1339,843,443,771,419,101,8,0.64,0,74.75728155339804,1339,0,612.6,315,1307,35,491,359
1206,"Universidad Santo Tomas, Chile",2019-2023,1206,all,29,0.81913,0.65551,1539,992,533,879,528,123,7,0.49,0,74.39896036387265,1539,0,689.5,361,1456,30,554,407
1207,Universidad Tecnica Federico Santa Maria,2014-2018,1207,all,156,1.48488,0.97085,3241,1269,1403,2354,1777,707,133,4.25,61,55.600123418697926,3241,0,1084.0,241,3051,37,114,229
1207,Universidad Tecnica Federico Santa Maria,2015-2019,1207,all,171,1.45137,0.9728,3487,1393,1506,2519,1909,742,135,4.0,71,57.470605104674505,3487,0,1174.2,270,3284,35,253,270
1207,Universidad Tecnica Federico Santa Maria,2016-2020,1207,all,170,1.3352,0.85726,3742,1504,1607,2681,2045,738,115,3.16,88,58.52485301977552,3742,0,1268.1,303,3520,43,440,296
1207,Universidad Tecnica Federico Santa Maria,2017-2021,1207,all,165,1.26347,0.83636,3886,1551,1687,2754,2101,723,92,2.44,100,59.907359752959344,3886,0,1353.6,375,3637,45,651,313
1207,Universidad Tecnica Federico Santa Maria,2018-2022,1207,all,165,1.21727,0.8361,3943,1564,1699,2776,2136,684,74,1.93,90,60.94344407811311,3943,0,1379.5,415,3630,40,834,311
1207,Universidad Tecnica Federico Santa Maria,2019-2023,1207,all,158,1.13835,0.80393,4058,1638,1731,2823,2164,614,54,1.39,82,61.45884672252341,4058,0,1388.3,446,3587,32,912,321
1208,Universidad Tecnologica de Chile,2014-2018,1208,all,1,0.6352,0.50771,106,70,37,46,20,9,0,0.0,0,54.71698113207548,106,0,43.1,17,104,4,17,19
1208,Universidad Tecnologica de Chile,2015-2019,1208,all,3,0.69921,0.56588,184,122,65,76,43,15,3,1.81,0,58.69565217391304,184,0,71.8,25,181,5,41,41
1208,Universidad Tecnologica de Chile,2016-2020,1208,all,4,0.66613,0.53468,228,151,80,93,49,16,3,1.45,0,57.89473684210527,228,0,90.6,33,225,5,57,49
1208,Universidad Tecnologica de Chile,2017-2021,1208,all,4,0.65567,0.52115,240,162,84,100,57,16,3,1.39,0,59.16666666666666,240,0,96.4,37,235,5,62,56
1208,Universidad Tecnologica de Chile,2018-2022,1208,all,4,0.6453,0.50683,225,158,83,96,54,13,3,1.46,0,60.0,225,0,89.8,34,220,3,63,53
1208,Universidad Tecnologica de Chile,2019-2023,1208,all,3,0.6177,0.48728,168,133,64,66,45,8,3,1.89,0,61.30952380952381,168,0,66.4,25,163,1,47,47
1209,Universidad Tecnologica Metropolitana,2014-2018,1209,all,6,0.65629,0.56904,247,160,107,118,113,19,19,8.37,1,46.15384615384615,247,0,94.1,32,239,5,23,50
1209,Universidad Tecnologica Metropolitana,2015-2019,1209,all,12,0.73527,0.65628,390,203,163,190,164,33,23,6.42,3,45.12820512820513,390,0,146.0,50,370,5,59,67
1209,Universidad Tecnologica Metropolitana,2016-2020,1209,all,16,0.75918,0.66298,539,238,217,263,221,51,27,5.34,4,48.23747680890538,539,0,213.4,82,520,7,109,80
1209,Universidad Tecnologica Metropolitana,2017-2021,1209,all,18,0.78935,0.65829,732,300,285,370,315,74,26,3.76,4,47.81420765027322,732,0,293.2,121,695,8,190,103
1209,Universidad Tecnologica Metropolitana,2018-2022,1209,all,19,0.77885,0.62118,833,325,317,424,362,84,21,2.67,6,48.49939975990396,833,0,328.0,133,783,7,244,108
1209,Universidad Tecnologica Metropolitana,2019-2023,1209,all,26,0.75591,0.64007,954,392,364,493,420,94,14,1.56,6,49.37106918238994,954,0,373.3,163,864,4,315,127
